host,size,shuffle,variant,reference,tm_med,tr_med,tm_ratio,tr_ratio,tm_w1_pct,tr_w1_pct,delta_w1_pct,tr_gt_tm_w1
c920bn3,32,0,cgt_current,cntvcto_current,580.0,540.0,1.0,0.9818181818181818,0.0,1.7241379310344827,-1.7241379310344827,True
c920bn3,32,0,cntvct_current,cntvcto_current,580.0,550.0,1.0,1.0,0.0,0.0,0.0,False
c920bn3,32,0,cntvcto_current,cntvcto_current,580.0,550.0,1.0,1.0,0.0,0.0,0.0,False
c920bn3,32,0,papi_time_only,cntvcto_current,720.0,540.0,1.2413793103448276,0.9818181818181818,24.75045232252844,1.1116155172413795,23.63883680528706,False
c920bn3,32,0,papix6_current,cntvcto_current,740.0,550.0,1.2758620689655173,1.0,27.74030159567819,1.0000448275862066,26.74025676809198,False
c920bn3,32,0,papix6_read_before_ns0,cntvcto_current,720.0,540.0,1.2413793103448276,0.9818181818181818,24.535000522066483,1.3633672413793103,23.17163328068717,False
c920bn3,32,0,wtime_current,cntvcto_current,579.0,529.0,0.9982758620689656,0.9618181818181818,0.1724137931034483,3.620689655172414,-3.4482758620689657,True
c920bn3,32,1,cgt_current,cntvcto_current,580.0,540.0,1.0,0.9818181818181818,0.0,1.7241379310344827,-1.7241379310344827,True
c920bn3,32,1,cntvct_current,cntvcto_current,580.0,550.0,1.0,1.0,0.0,0.0,0.0,False
c920bn3,32,1,cntvcto_current,cntvcto_current,580.0,550.0,1.0,1.0,0.0,0.0,0.0,False
c920bn3,32,1,papi_time_only,cntvcto_current,720.0,540.0,1.2413793103448276,0.9818181818181818,24.67305612105057,1.189014328227051,23.48404179282352,False
c920bn3,32,1,papix6_current,cntvcto_current,740.0,550.0,1.2758620689655173,1.0,27.374354133531593,1.025597577321715,26.348756556209878,False
c920bn3,32,1,papix6_read_before_ns0,cntvcto_current,720.0,540.0,1.2413793103448276,0.9818181818181818,24.651920417415237,1.2635034482758645,23.38841696913937,False
c920bn3,32,1,wtime_current,cntvcto_current,579.0,529.0,0.9982758620689656,0.9618181818181818,0.1724137931034483,3.620689655172414,-3.4482758620689657,True
c920bn3,32,2,cgt_current,cntvcto_current,580.0,540.0,1.0,0.9818181818181818,0.0,1.7241379310344827,-1.7241379310344827,True
c920bn3,32,2,cntvct_current,cntvcto_current,580.0,550.0,1.0,1.0,0.0,0.0,0.0,False
c920bn3,32,2,cntvcto_current,cntvcto_current,580.0,550.0,1.0,1.0,0.0,0.0,0.0,False
c920bn3,32,2,papi_time_only,cntvcto_current,720.0,540.0,1.2413793103448276,0.9818181818181818,24.670842478431513,1.1912281191167087,23.479614359314805,False
c920bn3,32,2,papix6_current,cntvcto_current,740.0,550.0,1.2758620689655173,1.0,27.351427683795244,1.2389862068965518,26.11244147689869,False
c920bn3,32,2,papix6_read_before_ns0,cntvcto_current,720.0,540.0,1.2413793103448276,0.9818181818181818,24.76419817881711,1.741310362000022,23.02288781681709,False
c920bn3,32,2,wtime_current,cntvcto_current,579.0,529.0,0.9982758620689656,0.9618181818181818,0.1724137931034483,3.620689655172414,-3.4482758620689657,True
c920bn3,64,0,cgt_current,cntvcto_current,2210.0,2140.0,1.0045454545454546,1.0,0.5213313820016187,0.19265954545454544,0.3286718365470732,False
c920bn3,64,0,cntvct_current,cntvcto_current,2200.0,2140.0,1.0,1.0,0.001088058564923414,0.0010881818181818215,-1.232532584073947e-07,True
c920bn3,64,0,cntvcto_current,cntvcto_current,2200.0,2140.0,1.0,1.0,0.0,0.0,0.0,False
c920bn3,64,0,papi_time_only,cntvcto_current,2350.0,2140.0,1.0681818181818181,1.0,6.545649193116952,0.27253227272727265,6.273116920389679,False
c920bn3,64,0,papix6_current,cntvcto_current,2340.0,2120.0,1.0636363636363637,0.9906542056074766,6.716558543276991,0.7428945454545456,5.973663997822446,False
c920bn3,64,0,papix6_read_before_ns0,cntvcto_current,2340.0,2139.0,1.0636363636363637,0.9995327102803738,6.231939269294242,0.21088999999999994,6.021049269294242,False
c920bn3,64,0,wtime_current,cntvcto_current,2199.0,2120.0,0.9995454545454545,0.9906542056074766,0.22115277890465546,0.8310759090909092,-0.6099231301862538,True
c920bn3,64,1,cgt_current,cntvcto_current,2210.0,2140.0,1.0045454545454546,1.0,0.5242948051729608,0.19822272727272727,0.3260720779002335,False
c920bn3,64,1,cntvct_current,cntvcto_current,2200.0,2140.0,1.0,1.0,0.0024202824428548094,0.0024199999999999474,2.8244285486204307e-07,False
c920bn3,64,1,cntvcto_current,cntvcto_current,2200.0,2140.0,1.0,1.0,0.0,0.0,0.0,False
c920bn3,64,1,papi_time_only,cntvcto_current,2350.0,2140.0,1.0681818181818181,1.0,6.4212018388374075,0.4741017092644366,5.947100129572971,False
c920bn3,64,1,papix6_current,cntvcto_current,2340.0,2119.0,1.0636363636363637,0.9901869158878505,6.749538523212712,0.5686436363636364,6.180894886849075,False
c920bn3,64,1,papix6_read_before_ns0,cntvcto_current,2340.0,2139.0,1.0636363636363637,0.9995327102803738,6.227442024164178,0.2104870909090909,6.016954933255088,False
c920bn3,64,1,wtime_current,cntvcto_current,2199.0,2120.0,0.9995454545454545,0.9906542056074766,0.21987900077721773,0.8355931818181818,-0.6157141810409641,True
c920bn3,64,2,cgt_current,cntvcto_current,2210.0,2140.0,1.0045454545454546,1.0,0.5190168765547508,0.19062863636363633,0.32838824019111446,False
c920bn3,64,2,cntvct_current,cntvcto_current,2200.0,2140.0,1.0,1.0,0.0061240105437482765,0.0061245454545454485,-5.349107971720085e-07,True
c920bn3,64,2,cntvcto_current,cntvcto_current,2200.0,2140.0,1.0,1.0,0.0,0.0,0.0,False
c920bn3,64,2,papi_time_only,cntvcto_current,2350.0,2140.0,1.0681818181818181,1.0,6.553696447728743,0.2644853162174113,6.289211131511332,False
c920bn3,64,2,papix6_current,cntvcto_current,2340.0,2120.0,1.0636363636363637,0.9906542056074766,6.729960909185043,0.5590004545454547,6.170960454639588,False
c920bn3,64,2,papix6_read_before_ns0,cntvcto_current,2340.0,2130.0,1.0636363636363637,0.9953271028037384,6.23328328320528,0.6873913636363637,5.545891919568916,False
c920bn3,64,2,wtime_current,cntvcto_current,2199.0,2120.0,0.9995454545454545,0.9906542056074766,0.22032974240136163,0.8324240909090909,-0.6120943485077293,True
c920bn3,128,0,cgt_current,cntvcto_current,8660.0,8470.0,1.001156069364162,1.0011820330969268,0.10003062795046391,0.10003063583815029,-7.887686379048908e-09,True
c920bn3,128,0,cntvct_current,cntvcto_current,8650.0,8460.0,1.0,1.0,0.0003416799174800662,0.0003416184971098249,6.14203702413137e-08,False
c920bn3,128,0,cntvcto_current,cntvcto_current,8650.0,8460.0,1.0,1.0,0.0,0.0,0.0,False
c920bn3,128,0,papi_time_only,cntvcto_current,8820.0,8481.0,1.0196531791907515,1.002482269503546,1.986533328055951,0.26399052023121383,1.7225428078247371,False
c920bn3,128,0,papix6_current,cntvcto_current,8820.0,8469.0,1.0196531791907515,1.001063829787234,1.9501142302835277,0.09695907514450867,1.853155155139019,False
c920bn3,128,0,papix6_read_before_ns0,cntvcto_current,8800.0,8470.0,1.0173410404624277,1.0011820330969268,1.7833202562502926,0.17799294797687862,1.6053273082734139,False
c920bn3,128,0,wtime_current,cntvcto_current,8640.0,8439.0,0.9988439306358381,0.9975177304964539,0.21305681684405492,0.3402243930635838,-0.1271675762195289,True
c920bn3,128,1,cgt_current,cntvcto_current,8660.0,8470.0,1.001156069364162,1.0011820330969268,0.09994515762769807,0.09994520231213873,-4.468444066152433e-08,True
c920bn3,128,1,cntvct_current,cntvcto_current,8650.0,8460.0,1.0,1.0,0.0004299731386242382,0.00042982658959537563,1.4654902886259693e-07,False
c920bn3,128,1,cntvcto_current,cntvcto_current,8650.0,8460.0,1.0,1.0,0.0,0.0,0.0,False
c920bn3,128,1,papi_time_only,cntvcto_current,8820.0,8461.0,1.0196531791907515,1.0001182033096927,1.9907583760656604,0.07595768786127167,1.9148006882043886,False
c920bn3,128,1,papix6_current,cntvcto_current,8820.0,8469.0,1.0196531791907515,1.001063829787234,1.975276566600626,0.12116495256620115,1.854111614034425,False
c920bn3,128,1,papix6_read_before_ns0,cntvcto_current,8800.0,8470.0,1.0173410404624277,1.0011820330969268,1.778271552997849,0.17254381502890173,1.6057277379689472,False
c920bn3,128,1,wtime_current,cntvcto_current,8639.0,8429.0,0.998728323699422,0.9963356973995272,0.2109883894340831,0.44220231213872835,-0.23121392270464525,True
c920bn3,128,2,cgt_current,cntvcto_current,8660.0,8470.0,1.001156069364162,1.0011820330969268,0.09982815710928576,0.09982820809248555,-5.098319978691368e-08,True
c920bn3,128,2,cntvct_current,cntvcto_current,8650.0,8460.0,1.0,1.0,0.0007775833397208443,0.0007775722543352612,1.1085385583108932e-08,False
c920bn3,128,2,cntvcto_current,cntvcto_current,8650.0,8460.0,1.0,1.0,0.0,0.0,0.0,False
c920bn3,128,2,papi_time_only,cntvcto_current,8820.0,8481.0,1.0196531791907515,1.002482269503546,1.9989561877294666,0.19017722543352603,1.8087789622959405,False
c920bn3,128,2,papix6_current,cntvcto_current,8820.0,8469.0,1.0196531791907515,1.001063829787234,1.9581431786543395,0.10487850844049768,1.8532646702138418,False
c920bn3,128,2,papix6_read_before_ns0,cntvcto_current,8800.0,8470.0,1.0173410404624277,1.0011820330969268,1.7779224531754647,0.17226358381502888,1.605658869360436,False
c920bn3,128,2,wtime_current,cntvcto_current,8639.0,8430.0,0.998728323699422,0.9964539007092199,0.2245624336641965,0.4442157225433526,-0.2196532888791561,True
c920bn3,256,0,cgt_current,cntvcto_current,34252.0,33553.0,1.000642711072159,0.9994935954721478,0.05267353402203829,0.06122045082658386,-0.00854691680454557,True
c920bn3,256,0,cntvct_current,cntvcto_current,34230.0,33570.0,1.0,1.0,0.011884845271025271,0.0064434706397904435,0.005441374631234828,False
c920bn3,256,0,cntvcto_current,cntvcto_current,34230.0,33570.0,1.0,1.0,0.0,0.0,0.0,False
c920bn3,256,0,papi_time_only,cntvcto_current,34412.0,33563.0,1.0053169734151328,0.9997914804885314,0.5279498689487643,0.02434311422728601,0.5036067547214783,False
c920bn3,256,0,papix6_current,cntvcto_current,34392.0,33541.0,1.0047326906222611,0.9991361334524873,0.4482143188085391,0.09936940081629027,0.34884491799224887,False
c920bn3,256,0,papix6_read_before_ns0,cntvcto_current,34392.0,33542.0,1.0047326906222611,0.9991659219541257,0.4461354479445785,0.099788197487584,0.3463472504569945,False
c920bn3,256,0,wtime_current,cntvcto_current,34201.0,33521.0,0.999152789950336,0.99854036341972,0.10003004055914443,0.12185641250365255,-0.02182637194450812,True
c920bn3,256,1,cgt_current,cntvcto_current,34243.0,33582.0,1.00008761682243,1.0000595592614652,0.03968799826247349,0.020785781670158748,0.018902216592314742,False
c920bn3,256,1,cntvct_current,cntvcto_current,34230.0,33570.0,0.9997079439252337,0.9997022036926743,0.011094583647530461,0.02562891002274868,-0.014534326375218218,True
c920bn3,256,1,cntvcto_current,cntvcto_current,34240.0,33580.0,1.0,1.0,0.0,0.0,0.0,False
c920bn3,256,1,papi_time_only,cntvcto_current,34412.0,33562.0,1.0050233644859814,0.9994639666468136,0.501318040917218,0.021915888200391698,0.4794021527168263,False
c920bn3,256,1,papix6_current,cntvcto_current,34393.0,33543.0,1.0044684579439251,0.9988981536628946,0.4405929989729001,0.11958745316353375,0.32100554580936635,False
c920bn3,256,1,papix6_read_before_ns0,cntvcto_current,34382.0,33542.0,1.0041471962616821,0.998868374032162,0.4180920149473233,0.09400455607476635,0.32408745887255697,False
c920bn3,256,1,wtime_current,cntvcto_current,34202.0,33532.0,0.9988901869158878,0.9985705777248363,0.09694224432462926,0.12724390624047122,-0.03030166191584195,True
c920bn3,256,2,cgt_current,cntvcto_current,34252.0,33562.0,1.000642711072159,0.999761691986893,0.07498248904188248,0.038345720128543336,0.03663676891333915,False
c920bn3,256,2,cntvct_current,cntvcto_current,34230.0,33570.0,1.0,1.0,0.0035305749744308805,0.002042740286299546,0.0014878346881313344,False
c920bn3,256,2,cntvcto_current,cntvcto_current,34230.0,33570.0,1.0,1.0,0.0,0.0,0.0,False
c920bn3,256,2,papi_time_only,cntvcto_current,34423.0,33563.0,1.0056383289512123,0.9997914804885314,0.5521101033252735,0.03511101373064646,0.516999089594627,False
c920bn3,256,2,papix6_current,cntvcto_current,34392.0,33542.0,1.0047326906222611,0.9991659219541257,0.4773839895733181,0.06803343266141171,0.4093505569119064,False
c920bn3,256,2,papix6_read_before_ns0,cntvcto_current,34382.0,33542.0,1.0044405492258253,0.9991659219541257,0.4326350347881269,0.07920620508326123,0.35342882970486567,False
c920bn3,256,2,wtime_current,cntvcto_current,34212.0,33531.0,0.9994741454864154,0.9988382484361037,0.0737324101763795,0.14460915725961007,-0.07087674708323057,True
camd9554n1,32,0,cgt_current,tsc_current,721.0,691.0,1.6767441860465115,1.6853658536585365,68.6319513771323,66.30637209302324,2.325579284109054,False
camd9554n1,32,0,papi_time_only,tsc_current,1041.0,411.0,2.4209302325581397,1.002439024390244,142.68924312094336,1.2205605515605513,141.46868256938282,False
camd9554n1,32,0,papix6_current,tsc_current,1322.0,691.0,3.074418604651163,1.6853658536585365,208.05767423212282,65.96464883720928,142.09302539491352,False
camd9554n1,32,0,papix6_no_read,tsc_current,1321.0,691.0,3.072093023255814,1.6853658536585365,208.10965543551828,66.2491930232558,141.86046241226248,False
camd9554n1,32,0,papix6_read_before_ns0,tsc_current,1041.0,411.0,2.4209302325581397,1.002439024390244,143.1912430743244,1.4061495686239869,141.78509350570042,False
camd9554n1,32,0,tsc_cpuid_mem,tsc_current,430.0,410.0,1.0,1.0,0.0001792721698258664,0.00017906976744185802,2.0240238400839254e-07,False
camd9554n1,32,0,tsc_current,tsc_current,430.0,410.0,1.0,1.0,0.0,0.0,0.0,False
camd9554n1,32,0,tsc_lfence_mem,tsc_current,701.0,681.0,1.630232558139535,1.6609756097560975,61.83436303523102,61.72390232558139,0.11046070964962951,False
camd9554n1,32,0,tsc_native_current,tsc_current,721.0,701.0,1.6767441860465115,1.7097560975609756,67.11735695647651,67.01991395348837,0.09744300298814323,False
camd9554n1,32,0,tsc_pre_cgt,tsc_current,420.0,400.0,0.9767441860465116,0.975609756097561,1.138010547454159,1.138009302325581,1.2451285780201715e-06,False
camd9554n1,32,0,wtime_current,tsc_current,730.0,691.0,1.697674418604651,1.6853658536585365,68.2696792254769,63.851316279069756,4.41836294640715,False
camd9554n1,32,1,cgt_current,tsc_current,721.0,691.0,1.6767441860465115,1.6853658536585365,68.61592190704788,66.29033953488373,2.325582372164149,False
camd9554n1,32,1,papi_time_only,tsc_current,1041.0,411.0,2.4209302325581397,1.002439024390244,142.67126147778956,1.2056200000000012,141.46564147778955,False
camd9554n1,32,1,papix6_current,tsc_current,1321.0,690.0,3.072093023255814,1.6829268292682926,207.8449605519458,65.75193488372093,142.09302566822487,False
camd9554n1,32,1,papix6_no_read,tsc_current,1321.0,690.0,3.072093023255814,1.6829268292682926,208.15443048978025,66.06140930232559,142.09302118745467,False
camd9554n1,32,1,papix6_read_before_ns0,tsc_current,1041.0,411.0,2.4209302325581397,1.002439024390244,142.87113127993177,1.1860837209302322,141.68504755900153,False
camd9554n1,32,1,tsc_cpuid_mem,tsc_current,430.0,410.0,1.0,1.0,0.0017322199979143598,0.0017325581395348816,-3.3814162052185105e-07,True
camd9554n1,32,1,tsc_current,tsc_current,430.0,410.0,1.0,1.0,0.0,0.0,0.0,False
camd9554n1,32,1,tsc_lfence_mem,tsc_current,701.0,681.0,1.630232558139535,1.6609756097560975,61.75246078804785,61.64154186046511,0.11091892758273758,False
camd9554n1,32,1,tsc_native_current,tsc_current,721.0,701.0,1.6767441860465115,1.7097560975609756,67.10789679667937,66.99086279069768,0.11703400598169367,False
camd9554n1,32,1,tsc_pre_cgt,tsc_current,420.0,400.0,0.9767441860465116,0.975609756097561,1.162037131056071,1.162039534883721,-2.4038276498217215e-06,True
camd9554n1,32,1,wtime_current,tsc_current,730.0,690.0,1.697674418604651,1.6829268292682926,68.10834851694042,63.457262790697676,4.651085726242748,False
camd9554n1,32,2,cgt_current,tsc_current,721.0,691.0,1.6767441860465115,1.6853658536585365,68.6325594889222,66.30697674418606,2.3255827447361384,False
camd9554n1,32,2,papi_time_only,tsc_current,1041.0,411.0,2.4209302325581397,1.002439024390244,142.556486358457,0.9198739534883722,141.63661240496862,False
camd9554n1,32,2,papix6_current,tsc_current,1321.0,690.0,3.072093023255814,1.6829268292682926,207.8329685109631,65.7399459185913,142.0930225923718,False
camd9554n1,32,2,papix6_no_read,tsc_current,1321.0,691.0,3.072093023255814,1.6853658536585365,208.00061894011077,66.1401511627907,141.86046777732008,False
camd9554n1,32,2,papix6_read_before_ns0,tsc_current,1041.0,411.0,2.4209302325581397,1.002439024390244,143.0834018232869,1.3104967441860464,141.77290507910084,False
camd9554n1,32,2,tsc_cpuid_mem,tsc_current,430.0,410.0,1.0,1.0,0.001074854188715811,0.0010744186046511644,4.3558406464670914e-07,False
camd9554n1,32,2,tsc_current,tsc_current,430.0,410.0,1.0,1.0,0.0,0.0,0.0,False
camd9554n1,32,2,tsc_lfence_mem,tsc_current,701.0,681.0,1.630232558139535,1.6609756097560975,61.90707826773669,61.80187209302325,0.10520617471344451,False
camd9554n1,32,2,tsc_native_current,tsc_current,721.0,701.0,1.6767441860465115,1.7097560975609756,67.10593958058045,67.10593953488372,4.56967370610073e-08,False
camd9554n1,32,2,tsc_pre_cgt,tsc_current,420.0,400.0,0.9767441860465116,0.975609756097561,1.1403354497958176,1.1403348837209304,5.660748871871846e-07,False
camd9554n1,32,2,wtime_current,tsc_current,730.0,691.0,1.697674418604651,1.6853658536585365,68.17652467707565,63.75792325581395,4.418601421261698,False
camd9554n1,64,0,cgt_current,tsc_current,2764.0,2724.0,1.7146401985111663,1.7218710493046776,70.51156471613295,70.1667098654642,0.344854850668753,False
camd9554n1,64,0,papi_time_only,tsc_current,2213.0,1592.0,1.3728287841191067,1.0063211125158027,37.01686051480448,0.6500366004962778,36.3668239143082,False
camd9554n1,64,0,papix6_current,tsc_current,3344.0,2713.0,2.074441687344913,1.7149178255372945,106.80873425213527,69.82156442106319,36.98716983107208,False
camd9554n1,64,0,papix6_no_read,tsc_current,3354.0,2723.0,2.0806451612903225,1.7212389380530972,107.62399393853205,70.63682248080035,36.987171457731705,False
camd9554n1,64,0,papix6_read_before_ns0,tsc_current,2223.0,1592.0,1.3790322580645162,1.0063211125158027,37.098408693804714,0.3122667493796526,36.78614194442506,False
camd9554n1,64,0,tsc_cpuid_mem,tsc_current,1612.0,1582.0,1.0,1.0,0.04036899384827927,0.046498759305210934,-0.0061297654569316615,True
camd9554n1,64,0,tsc_current,tsc_current,1612.0,1582.0,1.0,1.0,0.0,0.0,0.0,False
camd9554n1,64,0,tsc_lfence_mem,tsc_current,2724.0,2694.0,1.6898263027295286,1.7029077117572693,68.34586327212149,68.58974332440555,-0.24388005228405518,True
camd9554n1,64,0,tsc_native_current,tsc_current,2744.0,2714.0,1.7022332506203475,1.715549936788875,70.06963630833452,70.36534390612509,-0.29570759779056743,True
camd9554n1,64,0,tsc_pre_cgt,tsc_current,1602.0,1582.0,0.9937965260545906,1.0,0.7941243926449961,0.14382133995037225,0.6503030526946239,False
camd9554n1,64,0,wtime_current,tsc_current,2763.0,2723.0,1.7140198511166254,1.7212389380530972,70.69870676806254,70.32817617866006,0.3705305894024775,False
camd9554n1,64,1,cgt_current,tsc_current,2764.0,2724.0,1.7146401985111663,1.7218710493046776,70.52597139355298,70.17078846153846,0.35518293201451456,False
camd9554n1,64,1,papi_time_only,tsc_current,2213.0,1583.0,1.3728287841191067,1.0006321112515804,36.94670209879903,0.33719602977667495,36.60950606902235,False
camd9554n1,64,1,papix6_current,tsc_current,3344.0,2713.0,2.074441687344913,1.7149178255372945,106.79362450561784,69.79556537439284,36.998059131225006,False
camd9554n1,64,1,papix6_no_read,tsc_current,3354.0,2723.0,2.0806451612903225,1.7212389380530972,107.49637921210065,70.49832071960299,36.99805849249766,False
camd9554n1,64,1,papix6_read_before_ns0,tsc_current,2213.0,1583.0,1.3728287841191067,1.0006321112515804,36.99947399589622,0.36236563275434236,36.63710836314188,False
camd9554n1,64,1,tsc_cpuid_mem,tsc_current,1612.0,1582.0,1.0,1.0,0.009292069703753252,0.004212158808933048,0.005079910894820204,False
camd9554n1,64,1,tsc_current,tsc_current,1612.0,1582.0,1.0,1.0,0.0,0.0,0.0,False
camd9554n1,64,1,tsc_lfence_mem,tsc_current,2724.0,2694.0,1.6898263027295286,1.7029077117572693,68.41228355428845,68.69710417960295,-0.28482062531449515,True
camd9554n1,64,1,tsc_native_current,tsc_current,2744.0,2714.0,1.7022332506203475,1.715549936788875,70.08290288706421,70.36772208436726,-0.28481919730305094,True
camd9554n1,64,1,tsc_pre_cgt,tsc_current,1602.0,1572.0,0.9937965260545906,0.9936788874841972,0.7600312521835073,0.7748424317617866,-0.014811179578279265,True
camd9554n1,64,1,wtime_current,tsc_current,2763.0,2723.0,1.7140198511166254,1.7212389380530972,70.72067271096263,70.33001861042185,0.390654100540786,False
camd9554n1,64,2,cgt_current,tsc_current,2764.0,2724.0,1.7146401985111663,1.7218710493046776,70.75898477665667,70.41589392059552,0.34309085606115275,False
camd9554n1,64,2,papi_time_only,tsc_current,2213.0,1583.0,1.3728287841191067,1.0006321112515804,36.99925933580206,0.3498250620347394,36.64943427376732,False
camd9554n1,64,2,papix6_current,tsc_current,3344.0,2713.0,2.074441687344913,1.7149178255372945,106.80509868251143,69.82119727047146,36.98390141203997,False
camd9554n1,64,2,papix6_no_read,tsc_current,3354.0,2723.0,2.0806451612903225,1.7212389380530972,107.55272687597486,70.56882506203472,36.983901813940136,False
camd9554n1,64,2,papix6_read_before_ns0,tsc_current,2213.0,1583.0,1.3728287841191067,1.0006321112515804,37.07721942547662,0.33722637893528357,36.739993046541336,False
camd9554n1,64,2,tsc_cpuid_mem,tsc_current,1612.0,1582.0,1.0,1.0,0.014512239209848121,0.2844640198511166,-0.26995178064126846,True
camd9554n1,64,2,tsc_current,tsc_current,1612.0,1582.0,1.0,1.0,0.0,0.0,0.0,False
camd9554n1,64,2,tsc_lfence_mem,tsc_current,2724.0,2694.0,1.6898263027295286,1.7029077117572693,68.3979266995018,68.64391315136477,-0.24598645186297574,True
camd9554n1,64,2,tsc_native_current,tsc_current,2744.0,2714.0,1.7022332506203475,1.715549936788875,70.12423655240559,70.42287282878411,-0.29863627637851664,True
camd9554n1,64,2,tsc_pre_cgt,tsc_current,1602.0,1572.0,0.9937965260545906,0.9936788874841972,0.7288745314368743,0.7254342431761786,0.0034402882606957563,False
camd9554n1,64,2,wtime_current,tsc_current,2763.0,2723.0,1.7140198511166254,1.7212389380530972,70.80358285527105,70.43268486352358,0.3708979917474693,False
camd9554n1,128,0,cgt_current,tsc_current,10785.0,10725.0,1.7040606730921157,1.7026512144784887,70.39329223193062,70.01206847851647,0.3812237534141474,False
camd9554n1,128,0,papi_time_only,tsc_current,6900.0,6270.0,1.0902196239532311,0.9953960946181933,9.11956579919564,0.44196091001259014,8.67760488918305,False
camd9554n1,128,0,papix6_current,tsc_current,11366.0,10715.0,1.7958603254858587,1.7010636608985554,79.67979672392319,69.9506952757988,9.729101448124396,False
camd9554n1,128,0,papix6_no_read,tsc_current,11396.0,10755.0,1.8006004108073945,1.7074138752182886,80.17493208194887,70.50927261819096,9.665659463757905,False
camd9554n1,128,0,papix6_read_before_ns0,tsc_current,6910.0,6269.0,1.091799652393743,0.9952373392602001,9.218571485553356,0.3167049454052276,8.901866540148129,False
camd9554n1,128,0,tsc_cpuid_mem,tsc_current,6329.0,6299.0,1.0,1.0,0.05645054041603834,0.027119739907556537,0.029330800508481806,False
camd9554n1,128,0,tsc_current,tsc_current,6329.0,6299.0,1.0,1.0,0.0,0.0,0.0,False
camd9554n1,128,0,tsc_lfence_mem,tsc_current,10726.0,10676.0,1.6947385052930952,1.6948722019368154,69.45849748597566,69.25039728243493,0.20810020354072378,False
camd9554n1,128,0,tsc_native_current,tsc_current,10796.0,10756.0,1.7057987043766787,1.707572630576282,70.68979250345059,70.48156839593089,0.20822410751969755,False
camd9554n1,128,0,tsc_pre_cgt,tsc_current,6299.0,6269.0,0.9952599146784642,0.9952373392602001,0.5891715510192689,0.5276326211964665,0.0615389298228024,False
camd9554n1,128,0,wtime_current,tsc_current,10785.0,10735.0,1.7040606730921157,1.704238768058422,70.31685850654267,69.98692358990846,0.32993491663421537,False
camd9554n1,128,1,cgt_current,tsc_current,10785.0,10725.0,1.7040606730921157,1.7026512144784887,70.39186251233296,70.04292099857796,0.34894151375500826,False
camd9554n1,128,1,papi_time_only,tsc_current,6900.0,6269.0,1.0902196239532311,0.9952373392602001,9.19342079652848,0.4356168982944308,8.75780389823405,False
camd9554n1,128,1,papix6_current,tsc_current,11367.0,10716.0,1.79601832832991,1.7012224162565486,79.62928993944969,69.92600083257598,9.703289106873711,False
camd9554n1,128,1,papix6_no_read,tsc_current,11396.0,10755.0,1.8006004108073945,1.7074138752182886,80.16114355586183,70.53956284604317,9.621580709818659,False
camd9554n1,128,1,papix6_read_before_ns0,tsc_current,6910.0,6269.0,1.091799652393743,0.9952373392602001,9.157964167416877,0.380052930580036,8.777911236836841,False
camd9554n1,128,1,tsc_cpuid_mem,tsc_current,6329.0,6299.0,1.0,1.0,0.08315736195899986,0.03148980881655873,0.05166755314244113,False
camd9554n1,128,1,tsc_current,tsc_current,6329.0,6299.0,1.0,1.0,0.0,0.0,0.0,False
camd9554n1,128,1,tsc_lfence_mem,tsc_current,10726.0,10676.0,1.6947385052930952,1.6948722019368154,69.47156573598863,69.29592289461209,0.1756428413765434,False
camd9554n1,128,1,tsc_native_current,tsc_current,10796.0,10756.0,1.7057987043766787,1.707572630576282,70.69102889506121,70.51264528080992,0.17838361425128824,False
camd9554n1,128,1,tsc_pre_cgt,tsc_current,6299.0,6269.0,0.9952599146784642,0.9952373392602001,0.502631502844007,0.49711917545375917,0.005512327390247873,False
camd9554n1,128,1,wtime_current,tsc_current,10785.0,10735.0,1.7040606730921157,1.704238768058422,70.33780384769132,70.03381876256076,0.303985085130563,False
camd9554n1,128,2,cgt_current,tsc_current,10785.0,10725.0,1.7040606730921157,1.7026512144784887,70.37572384245615,70.0329933780008,0.34273046445535726,False
camd9554n1,128,2,papi_time_only,tsc_current,6900.0,6269.0,1.0902196239532311,0.9952373392602001,9.064113288913294,0.4702867751619664,8.593826513751328,False
camd9554n1,128,2,papix6_current,tsc_current,11366.0,10715.0,1.7958603254858587,1.7010636608985554,79.66915825295138,69.97987817980726,9.689280073144118,False
camd9554n1,128,2,papix6_no_read,tsc_current,11396.0,10755.0,1.8006004108073945,1.7074138752182886,80.13040965947631,70.50321426218916,9.627195397287153,False
camd9554n1,128,2,papix6_read_before_ns0,tsc_current,6900.0,6269.0,1.0902196239532311,0.9952373392602001,9.148062535258733,0.4103648053963015,8.73769772986243,False
camd9554n1,128,2,tsc_cpuid_mem,tsc_current,6329.0,6299.0,1.0,1.0,0.09255832596637138,0.0051515247274451234,0.08740680123892626,False
camd9554n1,128,2,tsc_current,tsc_current,6329.0,6299.0,1.0,1.0,0.0,0.0,0.0,False
camd9554n1,128,2,tsc_lfence_mem,tsc_current,10726.0,10676.0,1.6947385052930952,1.6948722019368154,69.48649043312443,69.28074956549216,0.20574086763227228,False
camd9554n1,128,2,tsc_native_current,tsc_current,10796.0,10756.0,1.7057987043766787,1.707572630576282,70.69306442777388,70.50581403065254,0.18725039712133196,False
camd9554n1,128,2,tsc_pre_cgt,tsc_current,6299.0,6269.0,0.9952599146784642,0.9952373392602001,0.5054850044589229,0.5072458903764829,-0.0017608859175600733,True
camd9554n1,128,2,wtime_current,tsc_current,10786.0,10736.0,1.7042186759361668,1.7043975234164153,70.46842996017332,70.15201588160515,0.3164140785681724,False
camd9554n1,256,0,cgt_current,tsc_current,44035.0,43855.0,1.6511680227980052,1.64812657371566,65.51294084796768,64.90645909519075,0.6064817527769293,False
camd9554n1,256,0,papi_time_only,tsc_current,27200.0,26459.0,1.0199107578086917,0.9943628095757074,2.0063897604631595,0.602188915760318,1.4042008447028416,False
camd9554n1,256,0,papix6_current,tsc_current,44766.0,43984.0,1.6785781244141138,1.6529745574805517,68.33894527366479,65.28629762208077,3.0526476515840244,False
camd9554n1,256,0,papix6_no_read,tsc_current,44776.0,43975.0,1.6789530916044846,1.6526363260550943,68.28968921876246,65.19400457239087,3.095684646371595,False
camd9554n1,256,0,papix6_read_before_ns0,tsc_current,27190.0,26488.0,1.019535790618321,0.9954526663910707,2.0167817476591394,0.45880658682692455,1.557975160832215,False
camd9554n1,256,0,tsc_cpuid_mem,tsc_current,26669.0,26599.0,1.0,0.9996241873050472,0.1038149910018819,0.03948512872887498,0.06432986227300692,False
camd9554n1,256,0,tsc_current,tsc_current,26669.0,26609.0,1.0,1.0,0.0,0.0,0.0,False
camd9554n1,256,0,tsc_lfence_mem,tsc_current,44046.0,43916.0,1.651580486707413,1.6504190311548723,65.62132404693922,65.12115073621175,0.500173310727476,False
camd9554n1,256,0,tsc_native_current,tsc_current,43284.0,43194.0,1.6230079868011549,1.6232853545792776,63.24788023935384,62.41515748435131,0.8327227550025285,False
camd9554n1,256,0,tsc_pre_cgt,tsc_current,26599.0,26539.0,0.9973752296674041,0.9973693111353301,0.3016286208208457,0.25938333204290553,0.04224528877794015,False
camd9554n1,256,0,wtime_current,tsc_current,44165.0,44014.0,1.656042596272826,1.6541019955654102,66.05336672376895,65.52838067731346,0.5249860464554814,False
camd9554n1,256,1,cgt_current,tsc_current,44035.0,43855.0,1.6511680227980052,1.6487461934659198,65.61813734133831,64.94640647615168,0.6717308651866318,False
camd9554n1,256,1,papi_time_only,tsc_current,27200.0,26449.0,1.0199107578086917,0.9943606902515132,2.0619871989380223,0.5635853464507514,1.4984018524872709,False
camd9554n1,256,1,papix6_current,tsc_current,44766.0,43984.0,1.6785781244141138,1.6535959998496184,68.39100699299524,65.2587211646535,3.1322858283417503,False
camd9554n1,256,1,papix6_no_read,tsc_current,44766.0,43974.0,1.6785781244141138,1.653220045866386,68.39365449417535,65.27579805542983,3.1178564387455197,False
camd9554n1,256,1,papix6_read_before_ns0,tsc_current,27200.0,26470.0,1.0199107578086917,0.9951501936163014,2.127367124533876,0.5321462659088414,1.5952208586250347,False
camd9554n1,256,1,tsc_cpuid_mem,tsc_current,26669.0,26599.0,1.0,1.0,0.04500557308935289,0.031884929104086704,0.01312064398526619,False
camd9554n1,256,1,tsc_current,tsc_current,26669.0,26599.0,1.0,1.0,0.0,0.0,0.0,False
camd9554n1,256,1,tsc_lfence_mem,tsc_current,44054.0,43924.0,1.6518804604597097,1.6513402759502236,65.555729447791,65.09022487954137,0.46550456824962794,False
camd9554n1,256,1,tsc_native_current,tsc_current,43044.0,42954.0,1.6140087742322546,1.6148727395766758,63.3395909216631,62.436931517137,0.9026594045261049,False
camd9554n1,256,1,tsc_pre_cgt,tsc_current,26599.0,26528.0,0.9973752296674041,0.9973307267190495,0.29915302009330236,0.3124477490337501,-0.013294728940447753,True
camd9554n1,256,1,wtime_current,tsc_current,44175.0,44024.0,1.656417563463197,1.6550998157825483,66.15959670422137,65.584352396261,0.5752443079603751,False
camd9554n1,256,2,cgt_current,tsc_current,44035.0,43854.0,1.6511680227980052,1.6487085980675966,65.54958689000657,64.89137725091437,0.6582096390921919,False
camd9554n1,256,2,papi_time_only,tsc_current,27200.0,26439.0,1.0199107578086917,0.9939847362682808,2.1013606872013875,0.5844831976695012,1.5168774895318862,False
camd9554n1,256,2,papix6_current,tsc_current,44766.0,43985.0,1.6785781244141138,1.6536335952479417,68.3234639014056,65.22061202985763,3.102851871547969,False
camd9554n1,256,2,papix6_no_read,tsc_current,44746.0,43976.0,1.677828190033372,1.6532952366630325,68.27904670498992,65.1800673811978,3.098979323792122,False
camd9554n1,256,2,papix6_read_before_ns0,tsc_current,27200.0,26449.0,1.0199107578086917,0.9943606902515132,2.06777103584905,0.5636614492960571,1.504109586552993,False
camd9554n1,256,2,tsc_cpuid_mem,tsc_current,26669.0,26599.0,1.0,1.0,0.11761266079825725,0.024352842622146743,0.09325981817611051,False
camd9554n1,256,2,tsc_current,tsc_current,26669.0,26599.0,1.0,1.0,0.0,0.0,0.0,False
camd9554n1,256,2,tsc_lfence_mem,tsc_current,44086.0,43936.0,1.6530803554688964,1.6517914207301025,65.68192987772257,65.19400179775717,0.4879280799653998,False
camd9554n1,256,2,tsc_native_current,tsc_current,43044.0,42954.0,1.6140087742322546,1.6148727395766758,63.31778044273846,62.47960391293669,0.8381765298017712,False
camd9554n1,256,2,tsc_pre_cgt,tsc_current,26599.0,26539.0,0.9973752296674041,0.9977442761006052,0.26569691718605837,0.2370396827834376,0.028657234402620774,False
camd9554n1,256,2,wtime_current,tsc_current,44175.0,44035.0,1.656417563463197,1.6555133651641039,66.13189059178382,65.60290512842471,0.5289854633591062,False
cgnr6760pn2,32,0,cgt_current,tsc_current,1139.0,1089.0,1.8641571194762685,1.8873483535528597,95.86515879583797,93.70163683044225,2.1635219653957165,False
cgnr6760pn2,32,0,papi_time_only,tsc_current,779.0,578.0,1.2749590834697218,1.001733102253033,26.656430804813873,0.7874068739770868,25.869023930836786,False
cgnr6760pn2,32,0,papix6_current,tsc_current,1415.0,1204.0,2.3158756137479544,2.0866551126516466,126.53775709614212,97.43571958502345,29.102037511118667,False
cgnr6760pn2,32,0,papix6_no_read,tsc_current,1400.0,1196.0,2.2913256955810146,2.072790294627383,125.4930952603033,96.25451213012583,29.238583130177474,False
cgnr6760pn2,32,0,papix6_read_before_ns0,tsc_current,779.0,578.0,1.2749590834697218,1.001733102253033,26.77915358507571,0.8635155482815056,25.915638036794206,False
cgnr6760pn2,32,0,tsc_cpuid_mem,tsc_current,610.0,576.0,0.9983633387888707,0.9982668977469671,0.2611249046934596,0.2671924713584288,-0.0060675666649691595,True
cgnr6760pn2,32,0,tsc_current,tsc_current,611.0,577.0,1.0,1.0,0.0,0.0,0.0,False
cgnr6760pn2,32,0,tsc_lfence_mem,tsc_current,1203.0,1176.0,1.9689034369885434,2.0381282495667246,82.36987073995404,83.16580687397709,-0.7959361340230515,True
cgnr6760pn2,32,0,tsc_native_current,tsc_current,1236.0,1206.0,2.0229132569558104,2.0901213171577124,99.74903347351899,99.75518993522266,-0.006156461703668015,True
cgnr6760pn2,32,0,tsc_pre_cgt,tsc_current,601.0,567.0,0.983633387888707,0.9826689774696707,1.5187329869377924,1.4589312602291324,0.05980172670865991,False
cgnr6760pn2,32,0,wtime_current,tsc_current,1183.0,1139.0,1.9361702127659575,1.974003466204506,95.41530916049908,93.00087295657386,2.41443620392522,False
cgnr6760pn2,32,1,cgt_current,tsc_current,1133.0,1073.0,1.8573770491803279,1.8628472222222223,96.1780267538064,91.8858686533534,4.292158100453008,False
cgnr6760pn2,32,1,papi_time_only,tsc_current,779.0,578.0,1.277049180327869,1.0034722222222223,26.858661499328377,0.7976044482971973,26.06105705103118,False
cgnr6760pn2,32,1,papix6_current,tsc_current,1414.0,1202.0,2.318032786885246,2.0868055555555554,126.64037912755033,94.97006631190875,31.67031281564158,False
cgnr6760pn2,32,1,papix6_no_read,tsc_current,1396.0,1193.0,2.2885245901639344,2.0711805555555554,126.10136315859954,97.83820003065242,28.263163127947124,False
cgnr6760pn2,32,1,papix6_read_before_ns0,tsc_current,779.0,577.0,1.277049180327869,1.0017361111111112,26.942823002972933,0.7229187852779485,26.219904217694985,False
cgnr6760pn2,32,1,tsc_cpuid_mem,tsc_current,610.0,576.0,1.0,1.0,0.029203580086174047,0.02760168629831386,0.0016018937878601869,False
cgnr6760pn2,32,1,tsc_current,tsc_current,610.0,576.0,1.0,1.0,0.0,0.0,0.0,False
cgnr6760pn2,32,1,tsc_lfence_mem,tsc_current,1135.0,1108.0,1.860655737704918,1.9236111111111112,85.90505967945515,87.11596403157694,-1.210904352121787,True
cgnr6760pn2,32,1,tsc_native_current,tsc_current,1245.0,1215.0,2.040983606557377,2.109375,103.27591007448223,103.54479026108514,-0.2688801866029138,True
cgnr6760pn2,32,1,tsc_pre_cgt,tsc_current,601.0,567.0,0.9852459016393442,0.984375,1.5638322248225442,1.6703056709212147,-0.10647344609867049,True
cgnr6760pn2,32,1,wtime_current,tsc_current,1218.0,1175.0,1.9967213114754099,2.0399305555555554,96.28925267343953,93.9302583648236,2.3589943086159337,False
cgnr6760pn2,32,2,cgt_current,tsc_current,1278.0,1228.0,2.095081967213115,2.1319444444444446,100.07187092525317,98.4714573770492,1.60041354820396,False
cgnr6760pn2,32,2,papi_time_only,tsc_current,779.0,578.0,1.277049180327869,1.0034722222222223,26.811923639051834,0.8254390163934425,25.98648462265839,False
cgnr6760pn2,32,2,papix6_current,tsc_current,1414.0,1203.0,2.318032786885246,2.0885416666666665,123.50435547127654,91.29097049180326,32.213384979473275,False
cgnr6760pn2,32,2,papix6_no_read,tsc_current,1405.0,1192.0,2.30327868852459,2.0694444444444446,126.61809110253668,97.2435868852459,29.374504217290777,False
cgnr6760pn2,32,2,papix6_read_before_ns0,tsc_current,779.0,577.0,1.277049180327869,1.0017361111111112,26.830116647097014,0.8322189773199676,25.997897669777046,False
cgnr6760pn2,32,2,tsc_cpuid_mem,tsc_current,610.0,576.0,1.0,1.0,0.014101021490183283,0.015006557377049173,-0.0009055358868658905,True
cgnr6760pn2,32,2,tsc_current,tsc_current,610.0,576.0,1.0,1.0,0.0,0.0,0.0,False
cgnr6760pn2,32,2,tsc_lfence_mem,tsc_current,1201.0,1174.0,1.9688524590163934,2.0381944444444446,95.28170288312737,95.77330327868852,-0.4916003955611501,True
cgnr6760pn2,32,2,tsc_native_current,tsc_current,1244.0,1215.0,2.039344262295082,2.109375,100.03751203838283,100.49141224980569,-0.4539002114228623,True
cgnr6760pn2,32,2,tsc_pre_cgt,tsc_current,601.0,566.0,0.9852459016393442,0.9826388888888888,4.767808431088254,4.060876311073028,0.7069321200152254,False
cgnr6760pn2,32,2,wtime_current,tsc_current,1224.0,1171.0,2.0065573770491802,2.032986111111111,97.69497938070077,95.71495894876224,1.9800204319385273,False
cgnr6760pn2,64,0,cgt_current,tsc_current,3954.0,3888.0,1.288787483702738,1.309531828898619,25.94479961401776,23.331938944716004,2.6128606693017566,False
cgnr6760pn2,64,0,papi_time_only,tsc_current,3148.0,2941.0,1.0260756192959584,0.9905692152239811,3.9052152291025544,2.5453155179361207,1.3598997111664337,False
cgnr6760pn2,64,0,papix6_current,tsc_current,3741.0,3303.0,1.219361147327249,1.112495789828225,19.759132754373557,12.679004725940848,7.080128028432709,False
cgnr6760pn2,64,0,papix6_no_read,tsc_current,3742.0,3312.0,1.2196870925684484,1.115527113506231,19.018681293231886,12.930434605793142,6.088246687438744,False
cgnr6760pn2,64,0,papix6_read_before_ns0,tsc_current,3152.0,2944.0,1.0273794002607561,0.9915796564499831,3.930790107628209,2.6382464106419827,1.2925436969862263,False
cgnr6760pn2,64,0,tsc_cpuid_mem,tsc_current,3080.0,3001.0,1.0039113428943938,1.0107780397440216,0.3717405466206488,0.4091355390450003,-0.03739499242435146,True
cgnr6760pn2,64,0,tsc_current,tsc_current,3068.0,2969.0,1.0,1.0,0.0,0.0,0.0,False
cgnr6760pn2,64,0,tsc_lfence_mem,tsc_current,3543.0,3511.0,1.1548239895697523,1.1825530481643651,14.339516119934451,14.176323402079952,0.16319271785449985,False
cgnr6760pn2,64,0,tsc_native_current,tsc_current,3585.0,3538.0,1.1685136897001305,1.1916470191983832,14.617145607688192,14.609887197892412,0.007258409795779741,False
cgnr6760pn2,64,0,tsc_pre_cgt,tsc_current,3130.0,3051.0,1.0202086049543677,1.0276187268440553,1.9277102749523451,2.2047995290637146,-0.2770892541113694,True
cgnr6760pn2,64,0,wtime_current,tsc_current,3511.0,3432.0,1.144393741851369,1.155944762546312,14.192101209870566,13.465827579256523,0.7262736306140436,False
cgnr6760pn2,64,1,cgt_current,tsc_current,3936.0,3800.0,1.277922077922078,1.2704781009695754,22.705133201706435,21.229443113628353,1.4756900880780819,False
cgnr6760pn2,64,1,papi_time_only,tsc_current,3148.0,2941.0,1.0220779220779221,0.9832831828819792,3.6493024955744544,2.9417601987722124,0.707542296802242,False
cgnr6760pn2,64,1,papix6_current,tsc_current,3745.0,3458.0,1.2159090909090908,1.1561350718823136,19.80239820170069,12.625760125760133,7.1766380759405575,False
cgnr6760pn2,64,1,papix6_no_read,tsc_current,3753.0,3473.0,1.2185064935064935,1.1611501170177199,19.097798371523822,13.254357020590795,5.843441350933027,False
cgnr6760pn2,64,1,papix6_read_before_ns0,tsc_current,3154.0,2936.0,1.024025974025974,0.9816115011701771,3.6979793975368858,3.122174812881631,0.5758045846552546,False
cgnr6760pn2,64,1,tsc_cpuid_mem,tsc_current,3051.0,2972.0,0.9905844155844156,0.9936476094951521,0.9330584842965765,0.8801134680240066,0.05294501627256987,False
cgnr6760pn2,64,1,tsc_current,tsc_current,3080.0,2991.0,1.0,1.0,0.0,0.0,0.0,False
cgnr6760pn2,64,1,tsc_lfence_mem,tsc_current,3489.0,3437.0,1.1327922077922077,1.149114008692745,13.002457836162648,12.526228565189607,0.47622927097304135,False
cgnr6760pn2,64,1,tsc_native_current,tsc_current,3580.0,3544.0,1.1623376623376624,1.1848879973253093,13.906946984849917,14.438485391242924,-0.5315384063930075,True
cgnr6760pn2,64,1,tsc_pre_cgt,tsc_current,3102.0,3043.0,1.0071428571428571,1.0173854898027415,1.4519415802214708,1.7538027927638842,-0.3018612125424134,True
cgnr6760pn2,64,1,wtime_current,tsc_current,3489.0,3431.0,1.1327922077922077,1.1471079906385824,12.884462878237027,12.288259690857094,0.5962031873799329,False
cgnr6760pn2,64,2,cgt_current,tsc_current,3938.0,3862.0,1.2975288303130148,1.3020903573836817,25.45567467639363,23.422365382027664,2.033309294365967,False
cgnr6760pn2,64,2,papi_time_only,tsc_current,3153.0,2946.0,1.0388797364085667,0.9932569116655429,3.738292544076465,1.4983634612132513,2.239929082863214,False
cgnr6760pn2,64,2,papix6_current,tsc_current,3745.0,3309.0,1.2339373970345964,1.1156439649359406,20.70542865697612,13.667706275200956,7.037722381775165,False
cgnr6760pn2,64,2,papix6_no_read,tsc_current,3737.0,3317.0,1.2313014827018123,1.1183412002697235,20.266544000262883,13.705442482748273,6.56110151751461,False
cgnr6760pn2,64,2,papix6_read_before_ns0,tsc_current,3147.0,2939.0,1.0369028006589787,0.9908968307484828,3.695410616692708,1.5677429291202836,2.1276676875724245,False
cgnr6760pn2,64,2,tsc_cpuid_mem,tsc_current,3089.0,3029.0,1.0177924217462933,1.02124072825354,1.8698966943333117,1.838332025766172,0.0315646685671398,False
cgnr6760pn2,64,2,tsc_current,tsc_current,3035.0,2966.0,1.0,1.0,0.0,0.0,0.0,False
cgnr6760pn2,64,2,tsc_lfence_mem,tsc_current,3480.0,3438.0,1.1466227347611202,1.1591368846931895,14.008575698916273,14.343568683395677,-0.3349929844794044,True
cgnr6760pn2,64,2,tsc_native_current,tsc_current,3580.0,3544.0,1.1795716639209226,1.1948752528658126,15.346868790416782,15.60452782672352,-0.25765903630673925,True
cgnr6760pn2,64,2,tsc_pre_cgt,tsc_current,3189.0,3059.0,1.0507413509060957,1.031355360755226,3.227976946216794,3.504100294928495,-0.27612334871170097,True
cgnr6760pn2,64,2,wtime_current,tsc_current,3488.0,3429.0,1.1492586490939045,1.1561024949426837,13.964425189428734,13.297533948951761,0.6668912404769731,False
cgnr6760pn2,128,0,cgt_current,tsc_current,12660.0,12091.0,1.1646734130634775,1.1625961538461538,18.565141176437024,15.515797464883304,3.0493437115537194,False
cgnr6760pn2,128,0,papi_time_only,tsc_current,10459.0,10209.0,0.9621895124195032,0.9816346153846154,2.420055665028952,3.0653192970623984,-0.6452636320334464,True
cgnr6760pn2,128,0,papix6_current,tsc_current,11810.0,11241.0,1.0864765409383625,1.0808653846153846,9.978058892277803,7.125523066281171,2.8525358259966316,False
cgnr6760pn2,128,0,papix6_no_read,tsc_current,11799.0,11245.0,1.0854645814167434,1.08125,9.201108308637655,7.0574502971919335,2.143658011445722,False
cgnr6760pn2,128,0,papix6_read_before_ns0,tsc_current,10462.0,10214.0,0.9624655013799448,0.9821153846153846,2.4385085757815284,3.065149334822795,-0.6266407590412668,True
cgnr6760pn2,128,0,tsc_cpuid_mem,tsc_current,10872.0,10802.0,1.0001839926402945,1.0386538461538461,0.756046970185558,0.9354827985375551,-0.17943582835199712,True
cgnr6760pn2,128,0,tsc_current,tsc_current,10870.0,10400.0,1.0,1.0,0.0,0.0,0.0,False
cgnr6760pn2,128,0,tsc_lfence_mem,tsc_current,11605.0,11240.0,1.0676172953081877,1.0807692307692307,7.895293640441563,7.1631818692734734,0.7321117711680891,False
cgnr6760pn2,128,0,tsc_native_current,tsc_current,11650.0,11241.0,1.0717571297148114,1.0808653846153846,8.07013494082362,7.033118565864896,1.0370163749587231,False
cgnr6760pn2,128,0,tsc_pre_cgt,tsc_current,10825.0,10755.0,0.9958601655933763,1.0341346153846154,0.8312234243085973,0.9521395207185208,-0.12091609640992351,True
cgnr6760pn2,128,0,wtime_current,tsc_current,11643.0,11542.0,1.071113155473781,1.1098076923076923,8.56119984674532,7.948931897927905,0.6122679488174141,False
cgnr6760pn2,128,1,cgt_current,tsc_current,12663.0,12084.0,1.1647350993377483,1.1186817256063692,17.818090579440746,14.734707028722763,3.0833835507179828,False
cgnr6760pn2,128,1,papi_time_only,tsc_current,10461.0,10211.0,0.96219646799117,0.9452879096463618,3.07186329545568,4.069250384816619,-0.9973870893609389,True
cgnr6760pn2,128,1,papix6_current,tsc_current,11818.0,11259.0,1.0870125091979397,1.0423069801888538,9.389219834703827,6.196883156044311,3.1923366786595153,False
cgnr6760pn2,128,1,papix6_no_read,tsc_current,11520.0,11258.0,1.0596026490066226,1.042214404739863,8.344706080354559,5.8138676247492524,2.5308384556053065,False
cgnr6760pn2,128,1,papix6_read_before_ns0,tsc_current,10461.0,10214.0,0.96219646799117,0.9455656359933345,3.075870261274516,4.041431312455038,-0.9655610511805222,True
cgnr6760pn2,128,1,tsc_cpuid_mem,tsc_current,10877.0,10807.0,1.0004598969830758,1.0004628772449546,0.3641991770148258,0.5684154262452825,-0.20421624923045673,True
cgnr6760pn2,128,1,tsc_current,tsc_current,10872.0,10802.0,1.0,1.0,0.0,0.0,0.0,False
cgnr6760pn2,128,1,tsc_lfence_mem,tsc_current,11607.0,11212.0,1.0676048565121412,1.0379559340862803,7.271486981330148,6.2797545321460095,0.9917324491841386,False
cgnr6760pn2,128,1,tsc_native_current,tsc_current,11680.0,11240.0,1.0743193524650478,1.0405480466580264,7.872812676393521,6.173297122524497,1.6995155538690243,False
cgnr6760pn2,128,1,tsc_pre_cgt,tsc_current,10824.0,10744.0,0.9955849889624724,0.9946306239585262,0.567759549367189,0.7154479638597283,-0.14768841449253933,True
cgnr6760pn2,128,1,wtime_current,tsc_current,11652.0,11541.0,1.0717439293598234,1.0684132568042954,7.9603049285830885,7.0490190155385175,0.911285913044571,False
cgnr6760pn2,128,2,cgt_current,tsc_current,12662.0,12112.0,1.1646431199411331,1.121273838178115,18.056262205244433,15.492209571249784,2.564052633994649,False
cgnr6760pn2,128,2,papi_time_only,tsc_current,10461.0,10211.0,0.96219646799117,0.9452879096463618,2.9119738319597426,3.4096747555793754,-0.4977009236196328,True
cgnr6760pn2,128,2,papix6_current,tsc_current,11812.0,11264.0,1.0864606328182487,1.0427698574338085,9.565268061438584,6.437660049176806,3.1276080122617778,False
cgnr6760pn2,128,2,papix6_no_read,tsc_current,11526.0,11244.0,1.0601545253863134,1.04091834845399,8.626214223440135,6.769955153631132,1.8562590698090027,False
cgnr6760pn2,128,2,papix6_read_before_ns0,tsc_current,10461.0,10213.0,0.96219646799117,0.9454730605443437,2.9101436532896714,3.3877239686064993,-0.4775803153168279,True
cgnr6760pn2,128,2,tsc_cpuid_mem,tsc_current,10878.0,10808.0,1.000551876379691,1.0005554526939455,0.2641081516160139,0.25428087012262124,0.009827281493392681,False
cgnr6760pn2,128,2,tsc_current,tsc_current,10872.0,10802.0,1.0,1.0,0.0,0.0,0.0,False
cgnr6760pn2,128,2,tsc_lfence_mem,tsc_current,11606.0,11241.0,1.0675128771155262,1.0406406221070172,7.737898179912417,6.7527917166737215,0.9851064632386954,False
cgnr6760pn2,128,2,tsc_native_current,tsc_current,11629.0,11239.0,1.0696284032376748,1.0404554712090353,7.618922405555609,6.273864563721553,1.3450578418340564,False
cgnr6760pn2,128,2,tsc_pre_cgt,tsc_current,10822.0,10752.0,0.9954010301692421,0.9953712275504536,0.4342071461881138,0.5557289982878975,-0.12152185209978367,True
cgnr6760pn2,128,2,wtime_current,tsc_current,11643.0,11542.0,1.070916114790287,1.0685058322532863,7.981991056059247,7.578514412101415,0.40347664395783145,False
cgnr6760pn2,256,0,cgt_current,tsc_current,45361.0,44638.0,1.153754196764676,1.1395966300740363,15.958750855528745,14.648342890129992,1.3104079653987526,False
cgnr6760pn2,256,0,papi_time_only,tsc_current,38181.0,37862.0,0.9711313460168888,0.9666070972683176,2.580155222453671,2.99025017206629,-0.41009494961261916,True
cgnr6760pn2,256,0,papix6_current,tsc_current,41146.0,40714.0,1.0465459354969986,1.039417921878989,5.161302690794365,3.76930003874846,1.392002652045905,False
cgnr6760pn2,256,0,papix6_no_read,tsc_current,41401.0,40985.0,1.0530318445416624,1.0463364820015317,5.337816352421239,4.431080463017274,0.906735889403965,False
cgnr6760pn2,256,0,papix6_read_before_ns0,tsc_current,38181.0,37864.0,0.9711313460168888,0.9666581567526168,2.574280000002245,2.982186263048155,-0.4079062630459096,True
cgnr6760pn2,256,0,tsc_cpuid_mem,tsc_current,39312.0,39166.0,0.9998982602502798,0.9998978810314015,0.07580495976862568,0.07454036015871733,0.0012645996099083512,False
cgnr6760pn2,256,0,tsc_current,tsc_current,39316.0,39170.0,1.0,1.0,0.0,0.0,0.0,False
cgnr6760pn2,256,0,tsc_lfence_mem,tsc_current,41207.0,41054.0,1.048097466680232,1.0480980342098545,5.737122348204921,4.817254603723678,0.9198677444812429,False
cgnr6760pn2,256,0,tsc_native_current,tsc_current,41203.0,41057.0,1.0479957269305118,1.0481746234363032,5.3146937642068055,4.606422804964901,0.7082709592419043,False
cgnr6760pn2,256,0,tsc_pre_cgt,tsc_current,39213.0,39069.0,0.9973802014447044,0.99742149604289,0.3087771709200633,0.2931508902228122,0.015626280697251083,False
cgnr6760pn2,256,0,wtime_current,tsc_current,41228.0,40767.0,1.048631600366263,1.040770998212918,5.3218321257294345,4.119374209637279,1.2024579160921558,False
cgnr6760pn2,256,1,cgt_current,tsc_current,45360.0,44637.0,1.1538461538461537,1.1396874840422815,15.837945603321318,14.649723181415439,1.1882224219058788,False
cgnr6760pn2,256,1,papi_time_only,tsc_current,38185.0,37859.0,0.9713319088319088,0.9666292192207527,2.6327150692157137,3.0370618842870036,-0.4043468150712899,True
cgnr6760pn2,256,1,papix6_current,tsc_current,41144.0,40715.0,1.0466015466015466,1.039549609355053,5.029249360351526,3.6917376151677663,1.3375117451837593,False
cgnr6760pn2,256,1,papix6_no_read,tsc_current,41398.0,40824.0,1.0530626780626782,1.042332635449114,5.23109444031677,4.295887105495246,0.9352073348215244,False
cgnr6760pn2,256,1,papix6_read_before_ns0,tsc_current,38179.0,37864.0,0.9711792836792836,0.9667568809681867,2.642489533196171,3.0324011526217958,-0.3899116194256247,True
cgnr6760pn2,256,1,tsc_cpuid_mem,tsc_current,39315.0,39169.0,1.0000763125763126,1.0000765970484604,0.059897187991797045,0.03461851696878565,0.025278671023011394,False
cgnr6760pn2,256,1,tsc_current,tsc_current,39312.0,39166.0,1.0,1.0,0.0,0.0,0.0,False
cgnr6760pn2,256,1,tsc_lfence_mem,tsc_current,41208.0,41055.0,1.0482295482295483,1.0482306081805648,5.569310371750922,4.762833357472096,0.8064770142788262,False
cgnr6760pn2,256,1,tsc_native_current,tsc_current,41203.0,41057.0,1.0481023606023605,1.0482816728795383,5.361634518808456,4.583610170650062,0.7780243481583939,False
cgnr6760pn2,256,1,tsc_pre_cgt,tsc_current,39214.0,39070.0,0.9975071225071225,0.9975488944492672,0.2774202102021782,0.2768029887268244,0.000617221475353813,False
cgnr6760pn2,256,1,wtime_current,tsc_current,41226.0,40757.0,1.0486874236874237,1.0406219680334985,5.257393909989392,4.166232456172919,1.091161453816473,False
cgnr6760pn2,256,2,cgt_current,tsc_current,45371.0,44646.0,1.1540966092641112,1.1398881711645008,15.91234696970161,14.593742909470148,1.318604060231463,False
cgnr6760pn2,256,2,papi_time_only,tsc_current,38184.0,37857.0,0.9712817643018848,0.9665534761406286,2.654370405302323,3.0916834476234993,-0.4373130423211764,True
cgnr6760pn2,256,2,papix6_current,tsc_current,41155.0,40714.0,1.046854729987536,1.0394975361911813,5.076115605494352,3.6826443670032813,1.3934712384910708,False
cgnr6760pn2,256,2,papix6_no_read,tsc_current,41396.0,40822.0,1.0529850176786304,1.0422549595322592,5.215443952121414,4.236961386499045,0.978482565622369,False
cgnr6760pn2,256,2,papix6_read_before_ns0,tsc_current,38181.0,37867.0,0.9712054536667261,0.9668087931166544,2.6638751335892548,3.0811701472795274,-0.41729501369027266,True
cgnr6760pn2,256,2,tsc_cpuid_mem,tsc_current,39322.0,39176.0,1.0002289319054765,1.0002297852784232,0.16104455347449442,0.18813011472032481,-0.027085561245830392,True
cgnr6760pn2,256,2,tsc_current,tsc_current,39313.0,39167.0,1.0,1.0,0.0,0.0,0.0,False
cgnr6760pn2,256,2,tsc_lfence_mem,tsc_current,41207.0,41054.0,1.0481774476636228,1.0481783133760563,5.651516633908409,4.711874279304875,0.9396423546035342,False
cgnr6760pn2,256,2,tsc_native_current,tsc_current,41204.0,41058.0,1.0481011370284639,1.0482804401664667,5.279663726768244,4.481020935459007,0.7986427913092369,False
cgnr6760pn2,256,2,tsc_pre_cgt,tsc_current,39211.0,39067.0,0.9974054384045989,0.9974468302397427,0.25234269717235,0.2598144332438218,-0.007471736071471835,True
cgnr6760pn2,256,2,wtime_current,tsc_current,41235.0,40765.0,1.0488896802584387,1.0407996527689125,5.235190699712261,4.015365782925519,1.2198249167867417,False
